Timeslot,Station,Discipline,Athlete,Performance
0,Track,Sex,Elijah Smith,M
1,Track,Age,Elijah Smith,22
2,Track,Country,Elijah Smith,Germany
3,Track,800m,Elijah Smith,109.38
4,Track,Sex,Maria Karlsson,F
5,Track,Age,Maria Karlsson,27
6,Track,Country,Maria Karlsson,UK
7,LJ1,LJ,Maria Karlsson,5.26
8,Track,1600m,Maria Karlsson,237.69
9,Track,Sex,Amelia Brown,F
10,Track,Age,Amelia Brown,30
11,Track,Country,Amelia Brown,Finland
12,LJ1,LJ,Amelia Brown,7.55
13,LJ1,TJ,Amelia Brown,12.19
14,HJ1,HJ,Amelia Brown,2.15
15,PV1,PV,Amelia Brown,2.4
16,Track,400m,Amelia Brown,63.7
17,Track,Sex,Sophia Williams,F
18,Track,Age,Sophia Williams,30
19,Track,Country,Sophia Williams,USA
20,LJ1,TJ,Sophia Williams,13.09
21,Track,800m,Sophia Williams,135.45
22,Track,Sex,Alexander Karlsson,M
23,Track,Age,Alexander Karlsson,22
24,Track,Country,Alexander Karlsson,UK
25,HJ1,HJ,Alexander Karlsson,1.45
26,Track,400m,Alexander Karlsson,53.56
27,Track,Sex,Amelia Miller,F
28,Track,Age,Amelia Miller,21
29,Track,Country,Amelia Miller,UK
30,LJ1,LJ,Amelia Miller,7.86
31,LJ1,TJ,Amelia Miller,16.27
32,HJ1,HJ,Amelia Miller,1.68
33,Track,400m,Amelia Miller,49.06
34,Track,1600m,Amelia Miller,330.03
35,Track,Sex,Maria Andersson,F
36,Track,Age,Maria Andersson,33
37,Track,Country,Maria Andersson,USA
38,LJ1,TJ,Maria Andersson,13.95
39,Track,100m,Maria Andersson,10.89
40,Track,200m,Maria Andersson,22.94
41,Track,400m,Maria Andersson,58.56
42,Track,1600m,Maria Andersson,318.26
43,Track,Sex,James Garcia,M
44,Track,Age,James Garcia,29
45,Track,Country,James Garcia,Spain
46,Track,100m,James Garcia,12.37
47,Track,200m,James Garcia,22.68
48,Track,400m,James Garcia,57.54
49,Track,Sex,Liam Andersson,M
50,Track,Age,Liam Andersson,30
51,Track,Country,Liam Andersson,Spain
52,PV1,PV,Liam Andersson,4.69
53,Track,100m,Liam Andersson,12.22
54,Track,200m,Liam Andersson,26.8
55,Track,Sex,Mark Karlsson,M
56,Track,Age,Mark Karlsson,32
57,Track,Country,Mark Karlsson,USA
58,HJ1,HJ,Mark Karlsson,2.3
59,Track,200m,Mark Karlsson,21.72
60,Track,800m,Mark Karlsson,111.65
61,Track,1600m,Mark Karlsson,299.16
62,Track,Sex,Oliver Johansson,M
63,Track,Age,Oliver Johansson,27
64,Track,Country,Oliver Johansson,Finland
65,PV1,PV,Oliver Johansson,3.11
66,Track,100m,Oliver Johansson,11.48
67,Track,200m,Oliver Johansson,29.16
68,Track,400m,Oliver Johansson,51.16
69,Track,Sex,Mark Davis,M
70,Track,Age,Mark Davis,30
71,Track,Country,Mark Davis,Poland
72,LJ1,TJ,Mark Davis,15.06
73,PV1,PV,Mark Davis,5.49
72,Track,Sex,Sophia Brown,F
73,Track,Age,Sophia Brown,21
74,Track,Country,Sophia Brown,Norway
75,LJ1,TJ,Sophia Brown,15.34
76,HJ1,HJ,Sophia Brown,2.29
77,Track,800m,Sophia Brown,145.66
78,Track,Sex,Mia Rodriguez,F
79,Track,Age,Mia Rodriguez,35
80,Track,Country,Mia Rodriguez,Germany
81,LJ1,TJ,Mia Rodriguez,13.33
82,HJ1,HJ,Mia Rodriguez,2.12
83,PV1,PV,Mia Rodriguez,3.35
84,Track,200m,Mia Rodriguez,23.11
85,Track,800m,Mia Rodriguez,111.42
86,Track,Sex,Maria Davis,F
87,Track,Age,Maria Davis,27
88,Track,Country,Maria Davis,Sweden
89,PV1,PV,Maria Davis,3.97
90,Track,200m,Maria Davis,23.78
91,Track,800m,Maria Davis,102.42
92,Track,1600m,Maria Davis,275.86
93,Track,Sex,Olivia Williams,F
94,Track,Age,Olivia Williams,17
95,Track,Country,Olivia Williams,Spain
96,LJ1,TJ,Olivia Williams,17.06
97,HJ1,HJ,Olivia Williams,1.76
98,Track,1600m,Olivia Williams,287.74
99,Track,Sex,Anna Davis,F
100,Track,Age,Anna Davis,18
101,Track,Country,Anna Davis,Norway
102,PV1,PV,Anna Davis,3.74
103,Track,100m,Anna Davis,14.24
104,Track,400m,Anna Davis,55.94
105,Track,Sex,Benjamin Smith,M
106,Track,Age,Benjamin Smith,31
107,Track,Country,Benjamin Smith,USA
108,PV1,PV,Benjamin Smith,2.79
109,Track,100m,Benjamin Smith,13.26
110,Track,200m,Benjamin Smith,25.48
111,Track,800m,Benjamin Smith,115.69
112,Track,Sex,Olivia Johnson,F
113,Track,Age,Olivia Johnson,17
114,Track,Country,Olivia Johnson,Canada
115,Track,800m,Olivia Johnson,136.7
116,Track,Sex,Evelyn Davis,F
117,Track,Age,Evelyn Davis,22
118,Track,Country,Evelyn Davis,France
119,LJ1,TJ,Evelyn Davis,13.7
120,HJ1,HJ,Evelyn Davis,1.87
121,Track,100m,Evelyn Davis,11.39
122,Track,800m,Evelyn Davis,143.43
123,Track,1600m,Evelyn Davis,305.36
124,Track,Sex,Emma Williams,F
125,Track,Age,Emma Williams,26
126,Track,Country,Emma Williams,Finland
127,Track,800m,Emma Williams,115.22
128,Track,Sex,Olivia Smith,F
129,Track,Age,Olivia Smith,23
130,Track,Country,Olivia Smith,Norway
131,Track,200m,Olivia Smith,31.91
132,Track,Sex,Harper Davis,F
133,Track,Age,Harper Davis,34
134,Track,Country,Harper Davis,Norway
135,HJ1,HJ,Harper Davis,1.8
135,Track,Sex,Anna Smith,F
136,Track,Age,Anna Smith,20
137,Track,Country,Anna Smith,USA
138,Track,100m,Anna Smith,12.0
139,Track,200m,Anna Smith,30.07
140,Track,400m,Anna Smith,57.73
141,Track,800m,Anna Smith,108.29
142,Track,Sex,Alexander Andersson,M
143,Track,Age,Alexander Andersson,17
144,Track,Country,Alexander Andersson,Poland
145,PV1,PV,Alexander Andersson,5.54
146,Track,200m,Alexander Andersson,31.49
147,Track,800m,Alexander Andersson,121.32
148,Track,Sex,William Garcia,M
149,Track,Age,William Garcia,18
150,Track,Country,William Garcia,Norway
151,LJ1,LJ,William Garcia,6.66
152,PV1,PV,William Garcia,5.39
153,Track,100m,William Garcia,12.57
154,Track,800m,William Garcia,133.31
155,Track,Sex,Benjamin Martinez,M
156,Track,Age,Benjamin Martinez,33
157,Track,Country,Benjamin Martinez,USA
158,Track,100m,Benjamin Martinez,14.27
159,Track,200m,Benjamin Martinez,22.58
160,Track,800m,Benjamin Martinez,139.02
161,Track,1600m,Benjamin Martinez,310.87
162,Track,Sex,Mia Martinez,F
163,Track,Age,Mia Martinez,19
164,Track,Country,Mia Martinez,Germany
165,HJ1,HJ,Mia Martinez,1.91
166,Track,100m,Mia Martinez,12.44
167,Track,400m,Mia Martinez,51.17
168,Track,800m,Mia Martinez,141.33
169,Track,1600m,Mia Martinez,255.55
170,Track,Sex,Oliver Brown,M
171,Track,Age,Oliver Brown,23
172,Track,Country,Oliver Brown,France
173,Track,200m,Oliver Brown,22.87
174,Track,400m,Oliver Brown,61.53
175,Track,Sex,Noah Smith,M
176,Track,Age,Noah Smith,29
177,Track,Country,Noah Smith,Italy
178,LJ1,LJ,Noah Smith,7.35
179,LJ1,TJ,Noah Smith,11.49
180,HJ1,HJ,Noah Smith,1.47
181,PV1,PV,Noah Smith,2.24
182,Track,100m,Noah Smith,13.86
183,Track,Sex,William Brown,M
184,Track,Age,William Brown,23
185,Track,Country,William Brown,Finland
186,LJ1,LJ,William Brown,4.74
187,PV1,PV,William Brown,3.92
188,Track,200m,William Brown,26.0
189,Track,800m,William Brown,114.79
190,Track,Sex,Ava Martinez,F
191,Track,Age,Ava Martinez,29
192,Track,Country,Ava Martinez,Germany
193,Track,400m,Ava Martinez,51.13
194,Track,800m,Ava Martinez,145.41
195,Track,Sex,Anna Brown,F
196,Track,Age,Anna Brown,23
197,Track,Country,Anna Brown,Germany
198,LJ1,TJ,Anna Brown,16.09
199,HJ1,HJ,Anna Brown,1.78
200,PV1,PV,Anna Brown,2.02
201,Track,100m,Anna Brown,10.94
202,Track,Sex,Olivia Garcia,F
203,Track,Age,Olivia Garcia,30
204,Track,Country,Olivia Garcia,Spain
205,Track,400m,Olivia Garcia,57.42
206,Track,Sex,Henry Johansson,M
207,Track,Age,Henry Johansson,32
208,Track,Country,Henry Johansson,Canada
209,Track,400m,Henry Johansson,56.84
210,Track,800m,Henry Johansson,137.76
211,Track,1600m,Henry Johansson,310.67
212,Track,Sex,Benjamin Karlsson,M
213,Track,Age,Benjamin Karlsson,21
214,Track,Country,Benjamin Karlsson,France
215,PV1,PV,Benjamin Karlsson,2.55
216,Track,100m,Benjamin Karlsson,14.32
217,Track,1600m,Benjamin Karlsson,330.91
218,Track,Sex,Lucas Johnson,M
219,Track,Age,Lucas Johnson,24
220,Track,Country,Lucas Johnson,Canada
221,HJ1,HJ,Lucas Johnson,2.22
222,Track,100m,Lucas Johnson,13.27
223,Track,400m,Lucas Johnson,52.37
224,Track,1600m,Lucas Johnson,284.06
225,Track,Sex,Olivia Karlsson,F
226,Track,Age,Olivia Karlsson,19
227,Track,Country,Olivia Karlsson,Sweden
228,LJ1,TJ,Olivia Karlsson,12.74
229,Track,100m,Olivia Karlsson,13.29
230,Track,1600m,Olivia Karlsson,346.73
231,Track,Sex,Mark Smith,M
232,Track,Age,Mark Smith,18
233,Track,Country,Mark Smith,Spain
234,HJ1,HJ,Mark Smith,1.45
235,PV1,PV,Mark Smith,5.28
236,Track,800m,Mark Smith,101.35
237,Track,Sex,Mia Karlsson,F
238,Track,Age,Mia Karlsson,31
239,Track,Country,Mia Karlsson,Spain
240,LJ1,LJ,Mia Karlsson,7.88
241,HJ1,HJ,Mia Karlsson,1.82
240,Track,Sex,Emma Martinez,F
241,Track,Age,Emma Martinez,20
242,Track,Country,Emma Martinez,Italy
243,LJ1,TJ,Emma Martinez,13.87
244,HJ1,HJ,Emma Martinez,2.21
245,PV1,PV,Emma Martinez,4.59
246,Track,800m,Emma Martinez,138.02
247,Track,Sex,William Rodriguez,M
248,Track,Age,William Rodriguez,18
249,Track,Country,William Rodriguez,France
250,PV1,PV,William Rodriguez,3.18
250,Track,Sex,William Johnson,M
251,Track,Age,William Johnson,34
252,Track,Country,William Johnson,Germany
253,PV1,PV,William Johnson,2.5
253,Track,Sex,Maria Brown,F
254,Track,Age,Maria Brown,35
255,Track,Country,Maria Brown,Norway
256,LJ1,TJ,Maria Brown,14.14
257,HJ1,HJ,Maria Brown,1.32
258,Track,200m,Maria Brown,24.64
259,Track,800m,Maria Brown,102.5
260,Track,Sex,Maria Garcia,F
261,Track,Age,Maria Garcia,17
262,Track,Country,Maria Garcia,Poland
263,LJ1,TJ,Maria Garcia,14.25
264,HJ1,HJ,Maria Garcia,2.31
265,Track,200m,Maria Garcia,21.71
266,Track,400m,Maria Garcia,57.39
267,Track,1600m,Maria Garcia,318.36
268,Track,Sex,Harper Brown,F
269,Track,Age,Harper Brown,24
270,Track,Country,Harper Brown,USA
271,LJ1,LJ,Harper Brown,5.91
272,LJ1,TJ,Harper Brown,13.78
273,HJ1,HJ,Harper Brown,1.42
274,PV1,PV,Harper Brown,4.84
275,Track,1600m,Harper Brown,248.83
276,Track,Sex,Harper Andersson,F
277,Track,Age,Harper Andersson,23
278,Track,Country,Harper Andersson,Italy
279,LJ1,TJ,Harper Andersson,11.54
280,Track,200m,Harper Andersson,30.36
281,Track,400m,Harper Andersson,52.98
282,Track,Sex,Lucas Jones,M
283,Track,Age,Lucas Jones,17
284,Track,Country,Lucas Jones,Canada
285,LJ1,TJ,Lucas Jones,16.68
286,HJ1,HJ,Lucas Jones,1.67
287,Track,800m,Lucas Jones,130.31
288,Track,Sex,Henry Miller,M
289,Track,Age,Henry Miller,23
290,Track,Country,Henry Miller,Spain
291,Track,400m,Henry Miller,46.09
292,Track,Sex,Evelyn Smith,F
293,Track,Age,Evelyn Smith,21
294,Track,Country,Evelyn Smith,Spain
295,HJ1,HJ,Evelyn Smith,2.23
296,PV1,PV,Evelyn Smith,3.02
297,Track,200m,Evelyn Smith,30.96
298,Track,400m,Evelyn Smith,50.73
299,Track,Sex,Harper Rodriguez,F
300,Track,Age,Harper Rodriguez,33
301,Track,Country,Harper Rodriguez,Norway
302,LJ1,TJ,Harper Rodriguez,16.28
303,Track,100m,Harper Rodriguez,11.0
304,Track,200m,Harper Rodriguez,28.12
305,Track,400m,Harper Rodriguez,46.29
306,Track,1600m,Harper Rodriguez,248.52
307,Track,Sex,Harper Martinez,F
308,Track,Age,Harper Martinez,17
309,Track,Country,Harper Martinez,France
310,Track,400m,Harper Martinez,54.95
311,Track,800m,Harper Martinez,112.64
312,Track,Sex,James Johansson,M
313,Track,Age,James Johansson,26
314,Track,Country,James Johansson,France
315,LJ1,LJ,James Johansson,4.2
316,LJ1,TJ,James Johansson,13.18
317,HJ1,HJ,James Johansson,2.07
318,Track,200m,James Johansson,29.34
319,Track,Sex,Andrey Garcia,M
320,Track,Age,Andrey Garcia,23
321,Track,Country,Andrey Garcia,Norway
322,PV1,PV,Andrey Garcia,2.33
323,Track,200m,Andrey Garcia,27.76
324,Track,400m,Andrey Garcia,60.78
325,Track,Sex,Lucas Williams,M
326,Track,Age,Lucas Williams,32
327,Track,Country,Lucas Williams,Spain
328,HJ1,HJ,Lucas Williams,1.71
329,Track,100m,Lucas Williams,10.97
330,Track,1600m,Lucas Williams,248.61
331,Track,Sex,Oliver Karlsson,M
332,Track,Age,Oliver Karlsson,24
333,Track,Country,Oliver Karlsson,Poland
334,LJ1,LJ,Oliver Karlsson,4.38
335,LJ1,TJ,Oliver Karlsson,11.89
336,Track,800m,Oliver Karlsson,108.83
337,Track,Sex,Elijah Williams,M
338,Track,Age,Elijah Williams,35
339,Track,Country,Elijah Williams,Italy
340,PV1,PV,Elijah Williams,4.6
341,Track,100m,Elijah Williams,11.47
342,Track,Sex,Mia Williams,F
343,Track,Age,Mia Williams,24
344,Track,Country,Mia Williams,Finland
345,Track,400m,Mia Williams,63.96
346,Track,Sex,Evelyn Rodriguez,F
347,Track,Age,Evelyn Rodriguez,29
348,Track,Country,Evelyn Rodriguez,UK
349,Track,400m,Evelyn Rodriguez,56.25
350,Track,Sex,Ava Davis,F
351,Track,Age,Ava Davis,27
352,Track,Country,Ava Davis,UK
353,Track,400m,Ava Davis,53.64
354,Track,Sex,Ava Andersson,F
355,Track,Age,Ava Andersson,25
356,Track,Country,Ava Andersson,Sweden
357,HJ1,HJ,Ava Andersson,2.2
358,Track,100m,Ava Andersson,10.68
359,Track,400m,Ava Andersson,63.24
360,Track,800m,Ava Andersson,147.66
361,Track,Sex,Oliver Andersson,M
362,Track,Age,Oliver Andersson,18
363,Track,Country,Oliver Andersson,Italy
364,Track,100m,Oliver Andersson,10.69
365,Track,1600m,Oliver Andersson,233.81
366,Track,Sex,Alexander Rodriguez,M
367,Track,Age,Alexander Rodriguez,20
368,Track,Country,Alexander Rodriguez,Spain
369,LJ1,LJ,Alexander Rodriguez,6.01
369,Track,Sex,Noah Rodriguez,M
370,Track,Age,Noah Rodriguez,35
371,Track,Country,Noah Rodriguez,Italy
372,LJ1,LJ,Noah Rodriguez,8.17
373,PV1,PV,Noah Rodriguez,3.93
374,Track,100m,Noah Rodriguez,12.6
375,Track,200m,Noah Rodriguez,21.11
376,Track,1600m,Noah Rodriguez,323.49
377,Track,Sex,Sophia Miller,F
378,Track,Age,Sophia Miller,22
379,Track,Country,Sophia Miller,France
380,Track,100m,Sophia Miller,11.66
381,Track,200m,Sophia Miller,22.4
382,Track,400m,Sophia Miller,58.04
383,Track,1600m,Sophia Miller,249.73
384,Track,Sex,Anna Andersson,F
385,Track,Age,Anna Andersson,19
386,Track,Country,Anna Andersson,UK
387,LJ1,TJ,Anna Andersson,12.25
388,HJ1,HJ,Anna Andersson,2.35
389,PV1,PV,Anna Andersson,5.82
390,Track,200m,Anna Andersson,24.31
391,Track,Sex,James Rodriguez,M
392,Track,Age,James Rodriguez,27
393,Track,Country,James Rodriguez,Italy
394,LJ1,LJ,James Rodriguez,4.36
395,LJ1,TJ,James Rodriguez,10.66
396,HJ1,HJ,James Rodriguez,1.42
397,PV1,PV,James Rodriguez,6.16
398,Track,100m,James Rodriguez,15.26
399,Track,Sex,Isabella Martinez,F
400,Track,Age,Isabella Martinez,18
401,Track,Country,Isabella Martinez,Norway
402,LJ1,LJ,Isabella Martinez,8.37
403,Track,200m,Isabella Martinez,25.68
404,Track,Sex,Alexander Williams,M
405,Track,Age,Alexander Williams,27
406,Track,Country,Alexander Williams,UK
407,PV1,PV,Alexander Williams,5.43
408,Track,800m,Alexander Williams,119.62
409,Track,Sex,Maria Martinez,F
410,Track,Age,Maria Martinez,30
411,Track,Country,Maria Martinez,Poland
412,LJ1,TJ,Maria Martinez,15.58
413,Track,200m,Maria Martinez,25.64
414,Track,1600m,Maria Martinez,309.19
415,Track,Sex,Mia Johansson,F
416,Track,Age,Mia Johansson,22
417,Track,Country,Mia Johansson,Norway
418,Track,100m,Mia Johansson,13.73
419,Track,400m,Mia Johansson,58.01
420,Track,Sex,Maria Jones,F
421,Track,Age,Maria Jones,22
422,Track,Country,Maria Jones,France
423,LJ1,LJ,Maria Jones,5.23
424,PV1,PV,Maria Jones,5.85
425,Track,400m,Maria Jones,46.18
426,Track,800m,Maria Jones,112.45
427,Track,Sex,Evelyn Miller,F
428,Track,Age,Evelyn Miller,17
429,Track,Country,Evelyn Miller,Spain
430,PV1,PV,Evelyn Miller,3.54
431,Track,100m,Evelyn Miller,11.27
432,Track,1600m,Evelyn Miller,290.49
433,Track,Sex,Lucas Karlsson,M
434,Track,Age,Lucas Karlsson,31
435,Track,Country,Lucas Karlsson,USA
436,LJ1,TJ,Lucas Karlsson,12.76
437,HJ1,HJ,Lucas Karlsson,2.33
438,Track,100m,Lucas Karlsson,13.49
439,Track,200m,Lucas Karlsson,29.48
440,Track,800m,Lucas Karlsson,119.01
441,Track,Sex,Harper Smith,F
442,Track,Age,Harper Smith,34
443,Track,Country,Harper Smith,Germany
444,Track,800m,Harper Smith,111.96
445,Track,1600m,Harper Smith,245.64
446,Track,Sex,Ava Johansson,F
447,Track,Age,Ava Johansson,22
448,Track,Country,Ava Johansson,Spain
449,LJ1,LJ,Ava Johansson,4.04
450,Track,100m,Ava Johansson,13.27
451,Track,400m,Ava Johansson,52.3
452,Track,800m,Ava Johansson,109.05
453,Track,1600m,Ava Johansson,348.82
454,Track,Sex,Benjamin Brown,M
455,Track,Age,Benjamin Brown,21
456,Track,Country,Benjamin Brown,France
457,LJ1,TJ,Benjamin Brown,14.01
458,HJ1,HJ,Benjamin Brown,1.98
459,Track,800m,Benjamin Brown,144.33
460,Track,Sex,Amelia Rodriguez,F
461,Track,Age,Amelia Rodriguez,25
462,Track,Country,Amelia Rodriguez,France
463,LJ1,LJ,Amelia Rodriguez,6.29
464,HJ1,HJ,Amelia Rodriguez,2.27
465,Track,100m,Amelia Rodriguez,14.77
466,Track,400m,Amelia Rodriguez,48.03
467,Track,800m,Amelia Rodriguez,138.19
468,Track,Sex,Lucas Andersson,M
469,Track,Age,Lucas Andersson,32
470,Track,Country,Lucas Andersson,Spain
471,Track,1600m,Lucas Andersson,349.22
472,Track,Sex,Charlotte Karlsson,F
473,Track,Age,Charlotte Karlsson,31
474,Track,Country,Charlotte Karlsson,Poland
475,PV1,PV,Charlotte Karlsson,3.03
475,Track,Sex,William Karlsson,M
476,Track,Age,William Karlsson,17
477,Track,Country,William Karlsson,Norway
478,LJ1,TJ,William Karlsson,14.95
479,Track,1600m,William Karlsson,300.27
480,Track,Sex,Olivia Brown,F
481,Track,Age,Olivia Brown,23
482,Track,Country,Olivia Brown,France
483,Track,200m,Olivia Brown,26.76
484,Track,Sex,William Johansson,M
485,Track,Age,William Johansson,21
486,Track,Country,William Johansson,France
487,LJ1,TJ,William Johansson,14.66
488,Track,100m,William Johansson,11.22
489,Track,400m,William Johansson,64.01
490,Track,800m,William Johansson,139.22
491,Track,1600m,William Johansson,347.21
492,Track,Sex,Lucas Brown,M
493,Track,Age,Lucas Brown,19
494,Track,Country,Lucas Brown,UK
495,LJ1,TJ,Lucas Brown,14.95
496,HJ1,HJ,Lucas Brown,1.94
497,PV1,PV,Lucas Brown,3.76
495,Track,Sex,Sophia Jones,F
496,Track,Age,Sophia Jones,35
497,Track,Country,Sophia Jones,Italy
498,PV1,PV,Sophia Jones,6.12
499,Track,1600m,Sophia Jones,252.77
