Timeslot,Start Time,Station,Discipline,Athlete,Performance
0,09:00,HJ1,HJ,Alexander Karlsson,1.45
0,09:00,HJ2,HJ,Ava Andersson,2.20
0,09:00,LJ1,LJ,Alexander Rodriguez,6.01
0,09:00,LJ2,LJ,Ava Johansson,4.04
0,09:00,PV1,PV,Alexander Andersson,5.54
1,09:15,HJ1,HJ,Harper Davis,1.80
1,09:15,HJ2,HJ,Lucas Johnson,2.22
1,09:15,LJ1,LJ,Isabella Martinez,8.37
1,09:15,LJ2,LJ,Maria Karlsson,5.26
1,09:15,PV1,PV,Alexander Williams,5.43
2,09:30,HJ1,HJ,Lucas Williams,1.71
2,09:30,HJ2,HJ,Mark Karlsson,2.30
2,09:30,LJ1,TJ,Harper Andersson,11.54
2,09:30,LJ2,TJ,Harper Rodriguez,16.28
2,09:30,PV1,PV,Andrey Garcia,2.33
3,09:45,HJ1,HJ,Mia Martinez,1.91
3,09:45,HJ2,HJ,Amelia Rodriguez,2.27
3,09:45,LJ1,TJ,Maria Andersson,13.95
3,09:45,LJ2,TJ,Maria Martinez,15.58
3,09:45,PV1,PV,Anna Davis,3.74
4,10:00,HJ1,HJ,Benjamin Brown,1.98
4,10:00,HJ2,HJ,Evelyn Davis,1.87
4,10:00,LJ1,TJ,Olivia Karlsson,12.74
4,10:00,LJ2,TJ,Sophia Williams,13.09
4,10:00,PV1,PV,Benjamin Karlsson,2.55
5,10:15,HJ1,HJ,Evelyn Smith,2.23
5,10:15,HJ2,HJ,Lucas Jones,1.67
5,10:15,LJ1,TJ,William Johansson,14.66
5,10:15,LJ2,TJ,William Karlsson,14.95
5,10:15,PV1,PV,Benjamin Smith,2.79
6,10:30,HJ1,HJ,Lucas Karlsson,2.33
6,10:30,HJ2,HJ,Maria Brown,1.32
6,10:30,LJ1,LJ,Amelia Rodriguez,6.29
6,10:30,LJ2,LJ,Maria Jones,5.23
6,10:30,PV1,PV,Charlotte Karlsson,3.03
7,10:45,HJ1,HJ,Maria Garcia,2.31
7,10:45,HJ2,HJ,Mark Smith,1.45
7,10:45,LJ1,LJ,Mia Karlsson,7.88
7,10:45,LJ2,LJ,Noah Rodriguez,8.17
7,10:45,PV1,PV,Elijah Williams,4.60
8,11:00,HJ1,HJ,Mia Karlsson,1.82
8,11:00,HJ2,HJ,Olivia Williams,1.76
8,11:00,LJ1,LJ,Oliver Karlsson,4.38
8,11:00,LJ2,LJ,William Brown,4.74
8,11:00,PV1,PV,Evelyn Miller,3.54
9,11:15,HJ1,HJ,Sophia Brown,2.29
9,11:15,HJ2,HJ,Amelia Miller,1.68
9,11:15,LJ1,LJ,William Garcia,6.66
9,11:15,LJ2,TJ,Benjamin Brown,14.01
9,11:15,PV1,PV,Liam Andersson,4.69
10,11:30,HJ1,HJ,Anna Andersson,2.35
10,11:30,HJ2,HJ,Anna Brown,1.78
10,11:30,LJ1,TJ,Evelyn Davis,13.70
10,11:30,LJ2,TJ,Lucas Jones,16.68
10,11:30,PV1,PV,Maria Davis,3.97
11,11:45,HJ1,HJ,Emma Martinez,2.21
11,11:45,HJ2,HJ,James Johansson,2.07
11,11:45,LJ1,TJ,Lucas Karlsson,12.76
11,11:45,LJ2,TJ,Maria Brown,14.14
11,11:45,PV1,PV,Oliver Johansson,3.11
12,12:00,HJ1,HJ,Lucas Brown,1.94
12,12:00,HJ2,HJ,Mia Rodriguez,2.12
12,12:00,LJ1,TJ,Maria Garcia,14.25
12,12:00,LJ2,TJ,Mark Davis,15.06
12,12:00,PV1,PV,Sophia Jones,6.12
13,12:15,HJ1,HJ,Amelia Brown,2.15
13,12:15,HJ2,HJ,Harper Brown,1.42
13,12:15,LJ1,TJ,Oliver Karlsson,11.89
13,12:15,LJ2,TJ,Olivia Williams,17.06
13,12:15,PV1,PV,William Johnson,2.50
14,12:30,HJ1,HJ,James Rodriguez,1.42
14,12:30,HJ2,HJ,Noah Smith,1.47
14,12:30,LJ1,TJ,Sophia Brown,15.34
14,12:30,LJ2,LJ,Amelia Miller,7.86
14,12:30,PV1,PV,William Rodriguez,3.18
15,12:45,LJ1,LJ,James Johansson,4.20
15,12:45,LJ2,TJ,Amelia Miller,16.27
15,12:45,PV1,PV,Evelyn Smith,3.02
16,13:00,LJ1,TJ,Anna Andersson,12.25
16,13:00,LJ2,TJ,Anna Brown,16.09
16,13:00,PV1,PV,Maria Jones,5.85
17,13:15,LJ1,TJ,Emma Martinez,13.87
17,13:15,LJ2,TJ,James Johansson,13.18
17,13:15,PV1,PV,Mark Davis,5.49
18,13:30,LJ1,TJ,Lucas Brown,14.95
18,13:30,LJ2,TJ,Mia Rodriguez,13.33
18,13:30,PV1,PV,Mark Smith,5.28
19,13:45,LJ1,LJ,Amelia Brown,7.55
19,13:45,LJ2,LJ,Harper Brown,5.91
19,13:45,PV1,PV,Noah Rodriguez,3.93
20,14:00,LJ1,LJ,James Rodriguez,4.36
20,14:00,LJ2,LJ,Noah Smith,7.35
20,14:00,PV1,PV,William Brown,3.92
21,14:15,LJ1,TJ,Amelia Brown,12.19
21,14:15,LJ2,TJ,Harper Brown,13.78
21,14:15,PV1,PV,William Garcia,5.39
22,14:30,LJ1,TJ,James Rodriguez,10.66
22,14:30,LJ2,TJ,Noah Smith,11.49
22,14:30,PV1,PV,Anna Andersson,5.82
23,14:45,PV1,PV,Anna Brown,2.02
24,15:00,PV1,PV,Emma Martinez,4.59
25,15:15,PV1,PV,Lucas Brown,3.76
26,15:30,PV1,PV,Mia Rodriguez,3.35
27,15:45,PV1,PV,Amelia Brown,2.40
28,16:00,PV1,PV,Harper Brown,4.84
29,16:15,PV1,PV,James Rodriguez,6.16
30,16:30,PV1,PV,Noah Smith,2.24

SCHEDULE STATISTICS
Total bookings,107
Total Time Slots Needed,31
Schedule Duration (minutes),465
Schedule Start Time,09:00
Competition End Time,16:45

Station Utilization
HJ1,15
HJ2,15
LJ1,23
LJ2,23
PV1,31

Average Utilization,69.03%
