Timeslot,Start Time,Station,Discipline,Heat/Lane,Athlete,Performance
0,09:00,Track,100m,Heat 1,Oliver Andersson,10.69
0,09:00,Track,100m,Heat 1,Evelyn Miller,11.27
0,09:00,Track,100m,Heat 1,Elijah Williams,11.47
0,09:00,Track,100m,Heat 1,Liam Andersson,12.22
0,09:00,Track,100m,Heat 1,James Garcia,12.37
0,09:00,Track,100m,Heat 1,Mia Johansson,13.73
0,09:00,Track,100m,Heat 1,Anna Davis,14.24
0,09:00,Track,100m,Heat 1,Benjamin Karlsson,14.32
0,09:00,Track,200m,Heat 1,Oliver Brown,22.87
0,09:00,Track,200m,Heat 1,Maria Martinez,25.64
0,09:00,Track,200m,Heat 1,Olivia Brown,26.76
0,09:00,Track,200m,Heat 1,Liam Andersson,26.80
0,09:00,Track,200m,Heat 1,Andrey Garcia,27.76
0,09:00,Track,200m,Heat 1,Harper Andersson,30.36
0,09:00,Track,200m,Heat 1,Alexander Andersson,31.49
0,09:00,Track,200m,Heat 1,Olivia Smith,31.91
0,09:00,Track,400m,Heat 1,Henry Miller,46.09
0,09:00,Track,400m,Heat 1,Ava Martinez,51.13
0,09:00,Track,400m,Heat 1,Ava Davis,53.64
0,09:00,Track,400m,Heat 1,Harper Martinez,54.95
0,09:00,Track,400m,Heat 1,Evelyn Rodriguez,56.25
0,09:00,Track,400m,Heat 1,Olivia Garcia,57.42
0,09:00,Track,400m,Heat 1,Andrey Garcia,60.78
0,09:00,Track,400m,Heat 1,Mia Williams,63.96
0,09:00,Track,800m,Heat 1,Elijah Smith,109.38
0,09:00,Track,800m,Heat 1,Harper Smith,111.96
0,09:00,Track,800m,Heat 1,Emma Williams,115.22
0,09:00,Track,800m,Heat 1,Alexander Williams,119.62
0,09:00,Track,800m,Heat 1,Alexander Andersson,121.32
0,09:00,Track,800m,Heat 1,Sophia Williams,135.45
0,09:00,Track,800m,Heat 1,Olivia Johnson,136.70
0,09:00,Track,800m,Heat 1,Benjamin Brown,144.33
0,09:00,Track,1600m,Heat 1,Maria Karlsson,237.69
0,09:00,Track,1600m,Heat 1,Lucas Williams,248.61
0,09:00,Track,1600m,Heat 1,Sophia Jones,252.77
0,09:00,Track,1600m,Heat 1,Evelyn Miller,290.49
0,09:00,Track,1600m,Heat 1,William Karlsson,300.27
0,09:00,Track,1600m,Heat 1,Henry Johansson,310.67
0,09:00,Track,1600m,Heat 1,Benjamin Karlsson,330.91
0,09:00,Track,1600m,Heat 1,Lucas Andersson,349.22
0,09:00,LJ1,LJ,,Alexander Rodriguez,6.01
0,09:00,LJ2,LJ,,Isabella Martinez,8.37
0,09:00,HJ1,HJ,,Harper Davis,1.80
0,09:00,HJ2,HJ,,Alexander Karlsson,1.45
0,09:00,PV1,PV,,Charlotte Karlsson,3.03

1,09:15,Track,100m,Heat 2,Anna Brown,10.94
1,09:15,Track,100m,Heat 2,Oliver Johansson,11.48
1,09:15,Track,100m,Heat 2,Sophia Miller,11.66
1,09:15,Track,100m,Heat 2,Anna Smith,12.00
1,09:15,Track,100m,Heat 2,William Garcia,12.57
1,09:15,Track,100m,Heat 2,Benjamin Smith,13.26
1,09:15,Track,100m,Heat 2,Olivia Karlsson,13.29
1,09:15,Track,100m,Heat 2,Benjamin Martinez,14.27
1,09:15,Track,200m,Heat 2,James Garcia,22.68
1,09:15,Track,200m,Heat 2,Maria Davis,23.78
1,09:15,Track,200m,Heat 2,Anna Andersson,24.31
1,09:15,Track,200m,Heat 2,Maria Brown,24.64
1,09:15,Track,200m,Heat 2,Benjamin Smith,25.48
1,09:15,Track,200m,Heat 2,Isabella Martinez,25.68
1,09:15,Track,200m,Heat 2,Oliver Johansson,29.16
1,09:15,Track,200m,Heat 2,James Johansson,29.34
1,09:15,Track,400m,Heat 2,Maria Jones,46.18
1,09:15,Track,400m,Heat 2,Oliver Johansson,51.16
1,09:15,Track,400m,Heat 2,Harper Andersson,52.98
1,09:15,Track,400m,Heat 2,Alexander Karlsson,53.56
1,09:15,Track,400m,Heat 2,Anna Davis,55.94
1,09:15,Track,400m,Heat 2,Henry Johansson,56.84
1,09:15,Track,400m,Heat 2,Mia Johansson,58.01
1,09:15,Track,400m,Heat 2,Oliver Brown,61.53
1,09:15,Track,800m,Heat 2,Maria Brown,102.50
1,09:15,Track,800m,Heat 2,Oliver Karlsson,108.83
1,09:15,Track,800m,Heat 2,Harper Martinez,112.64
1,09:15,Track,800m,Heat 2,Benjamin Smith,115.69
1,09:15,Track,800m,Heat 2,Lucas Jones,130.31
1,09:15,Track,800m,Heat 2,Emma Martinez,138.02
1,09:15,Track,800m,Heat 2,Ava Martinez,145.41
1,09:15,Track,800m,Heat 2,Sophia Brown,145.66
1,09:15,Track,1600m,Heat 2,Oliver Andersson,233.81
1,09:15,Track,1600m,Heat 2,Harper Smith,245.64
1,09:15,Track,1600m,Heat 2,Maria Davis,275.86
1,09:15,Track,1600m,Heat 2,Olivia Williams,287.74
1,09:15,Track,1600m,Heat 2,Maria Martinez,309.19
1,09:15,Track,1600m,Heat 2,Amelia Miller,330.03
1,09:15,Track,1600m,Heat 2,Olivia Karlsson,346.73
1,09:15,Track,1600m,Heat 2,Ava Johansson,348.82
1,09:15,LJ1,LJ,,Maria Karlsson,5.26
1,09:15,LJ2,LJ,,Mia Karlsson,7.88
1,09:15,HJ1,HJ,,Anna Andersson,2.35
1,09:15,HJ1,HJ,,Lucas Karlsson,2.33
1,09:15,HJ1,HJ,,Maria Garcia,2.31
1,09:15,HJ1,HJ,,Mark Karlsson,2.30
1,09:15,HJ1,HJ,,Sophia Brown,2.29
1,09:15,HJ1,HJ,,Amelia Rodriguez,2.27
1,09:15,HJ1,HJ,,Evelyn Smith,2.23
1,09:15,HJ1,HJ,,Lucas Johnson,2.22
1,09:15,HJ1,HJ,,Emma Martinez,2.21
1,09:15,HJ1,HJ,,Ava Andersson,2.20
1,09:15,HJ1,HJ,,Amelia Brown,2.15
1,09:15,HJ1,HJ,,Mia Rodriguez,2.12
1,09:15,HJ1,HJ,,James Johansson,2.07
1,09:15,HJ1,HJ,,Benjamin Brown,1.98
1,09:15,HJ1,HJ,,Lucas Brown,1.94
1,09:15,HJ1,HJ,,Mia Martinez,1.91
1,09:15,HJ1,HJ,,Evelyn Davis,1.87
1,09:15,HJ1,HJ,,Anna Brown,1.78
1,09:15,HJ1,HJ,,Olivia Williams,1.76
1,09:15,HJ1,HJ,,Lucas Williams,1.71
1,09:15,HJ1,HJ,,Amelia Miller,1.68
1,09:15,HJ1,HJ,,Lucas Jones,1.67
1,09:15,HJ1,HJ,,Noah Smith,1.47
1,09:15,HJ1,HJ,,Mark Smith,1.45
1,09:15,HJ1,HJ,,Harper Brown,1.42
1,09:15,HJ1,HJ,,James Rodriguez,1.42
1,09:15,HJ1,HJ,,Maria Brown,1.32
1,09:15,PV1,PV,,William Johnson,2.50

2,09:30,Track,100m,Heat 3,Ava Andersson,10.68
2,09:30,Track,100m,Heat 3,Lucas Williams,10.97
2,09:30,Track,100m,Heat 3,Harper Rodriguez,11.00
2,09:30,Track,100m,Heat 3,Evelyn Davis,11.39
2,09:30,Track,100m,Heat 3,Lucas Johnson,13.27
2,09:30,Track,100m,Heat 3,Ava Johansson,13.27
2,09:30,Track,100m,Heat 3,Amelia Rodriguez,14.77
2,09:30,Track,100m,Heat 3,James Rodriguez,15.26
2,09:30,Track,200m,Heat 3,Mark Karlsson,21.72
2,09:30,Track,200m,Heat 3,Sophia Miller,22.40
2,09:30,Track,200m,Heat 3,Benjamin Martinez,22.58
2,09:30,Track,200m,Heat 3,William Brown,26.00
2,09:30,Track,200m,Heat 3,Harper Rodriguez,28.12
2,09:30,Track,200m,Heat 3,Lucas Karlsson,29.48
2,09:30,Track,200m,Heat 3,Anna Smith,30.07
2,09:30,Track,200m,Heat 3,Evelyn Smith,30.96
2,09:30,Track,400m,Heat 3,Harper Rodriguez,46.29
2,09:30,Track,400m,Heat 3,Amelia Rodriguez,48.03
2,09:30,Track,400m,Heat 3,Amelia Miller,49.06
2,09:30,Track,400m,Heat 3,Evelyn Smith,50.73
2,09:30,Track,400m,Heat 3,Ava Johansson,52.30
2,09:30,Track,400m,Heat 3,James Garcia,57.54
2,09:30,Track,400m,Heat 3,Maria Andersson,58.56
2,09:30,Track,400m,Heat 3,Amelia Brown,63.70
2,09:30,Track,800m,Heat 3,Mark Smith,101.35
2,09:30,Track,800m,Heat 3,Maria Davis,102.42
2,09:30,Track,800m,Heat 3,Ava Johansson,109.05
2,09:30,Track,800m,Heat 3,Maria Jones,112.45
2,09:30,Track,800m,Heat 3,William Brown,114.79
2,09:30,Track,800m,Heat 3,William Garcia,133.31
2,09:30,Track,800m,Heat 3,Henry Johansson,137.76
2,09:30,Track,800m,Heat 3,Amelia Rodriguez,138.19
2,09:30,Track,1600m,Heat 3,Harper Rodriguez,248.52
2,09:30,Track,1600m,Heat 3,Harper Brown,248.83
2,09:30,Track,1600m,Heat 3,Mia Martinez,255.55
2,09:30,Track,1600m,Heat 3,Evelyn Davis,305.36
2,09:30,Track,1600m,Heat 3,Maria Andersson,318.26
2,09:30,Track,1600m,Heat 3,Maria Garcia,318.36
2,09:30,Track,1600m,Heat 3,Noah Rodriguez,323.49
2,09:30,Track,1600m,Heat 3,William Johansson,347.21
2,09:30,LJ1,TJ,,Mark Davis,15.06
2,09:30,LJ2,TJ,,Sophia Williams,13.09
2,09:30,HJ1,HJ,,Mia Karlsson,1.82
2,09:30,PV1,PV,,William Rodriguez,3.18

3,09:45,Track,100m,Heat 4,Maria Andersson,10.89
3,09:45,Track,100m,Heat 4,William Johansson,11.22
3,09:45,Track,100m,Heat 4,Mia Martinez,12.44
3,09:45,Track,100m,Heat 4,Noah Rodriguez,12.60
3,09:45,Track,100m,Heat 4,Lucas Karlsson,13.49
3,09:45,Track,100m,Heat 4,Noah Smith,13.86
3,09:45,Track,200m,Heat 4,Noah Rodriguez,21.11
3,09:45,Track,200m,Heat 4,Maria Garcia,21.71
3,09:45,Track,200m,Heat 4,Maria Andersson,22.94
3,09:45,Track,200m,Heat 4,Mia Rodriguez,23.11
3,09:45,Track,400m,Heat 4,Lucas Johnson,52.37
3,09:45,Track,400m,Heat 4,Maria Garcia,57.39
3,09:45,Track,400m,Heat 4,Anna Smith,57.73
3,09:45,Track,400m,Heat 4,Sophia Miller,58.04
3,09:45,Track,400m,Heat 4,Ava Andersson,63.24
3,09:45,Track,400m,Heat 4,William Johansson,64.01
3,09:45,Track,800m,Heat 4,Mia Rodriguez,111.42
3,09:45,Track,800m,Heat 4,Mark Karlsson,111.65
3,09:45,Track,800m,Heat 4,Lucas Karlsson,119.01
3,09:45,Track,800m,Heat 4,Benjamin Martinez,139.02
3,09:45,Track,800m,Heat 4,William Johansson,139.22
3,09:45,Track,800m,Heat 4,Evelyn Davis,143.43
3,09:45,LJ2,LJ,,Oliver Karlsson,4.38
3,09:45,LJ1,TJ,,William Karlsson,14.95
3,09:45,PV1,PV,,Alexander Williams,5.43

4,10:00,Track,400m,Heat 5,Mia Martinez,51.17
4,10:00,Track,800m,Heat 5,Anna Smith,108.29
4,10:00,Track,800m,Heat 5,Ava Andersson,147.66
4,10:00,Track,1600m,Heat 4,Sophia Miller,249.73
4,10:00,Track,1600m,Heat 4,Lucas Johnson,284.06
4,10:00,Track,1600m,Heat 4,Mark Karlsson,299.16
4,10:00,Track,1600m,Heat 4,Benjamin Martinez,310.87
4,10:00,LJ1,TJ,,Benjamin Brown,14.01
4,10:00,LJ2,TJ,,Harper Andersson,11.54
4,10:00,PV1,PV,,Elijah Williams,4.60

5,10:15,Track,800m,Heat 6,Mia Martinez,141.33
5,10:15,LJ1,TJ,,Lucas Brown,14.95
5,10:15,LJ2,TJ,,Lucas Jones,16.68
5,10:15,PV1,PV,,Mark Davis,5.49

6,10:30,LJ1,TJ,,Maria Martinez,15.58
6,10:30,LJ2,TJ,,Oliver Karlsson,11.89
6,10:30,PV1,PV,,Sophia Jones,6.12

7,10:45,LJ1,TJ,,Olivia Karlsson,12.74
7,10:45,LJ2,TJ,,Olivia Williams,17.06
7,10:45,PV1,PV,,Alexander Andersson,5.54

8,11:00,LJ2,LJ,,James Johansson,4.20
8,11:00,LJ1,TJ,,Sophia Brown,15.34
8,11:00,PV1,PV,,Andrey Garcia,2.33

9,11:15,LJ1,LJ,,Maria Jones,5.23
9,11:15,LJ2,LJ,,William Brown,4.74
9,11:15,PV1,PV,,Anna Davis,3.74

10,11:30,LJ1,LJ,,William Garcia,6.66
10,11:30,LJ2,TJ,,Anna Andersson,12.25
10,11:30,PV1,PV,,Benjamin Karlsson,2.55

11,11:45,LJ1,TJ,,Anna Brown,16.09
11,11:45,LJ2,TJ,,Emma Martinez,13.87
11,11:45,PV1,PV,,Evelyn Miller,3.54

12,12:00,LJ1,TJ,,James Johansson,13.18
12,12:00,LJ2,TJ,,Maria Brown,14.14
12,12:00,PV1,PV,,Liam Andersson,4.69

13,12:15,LJ1,LJ,,Amelia Brown,7.55
13,12:15,LJ2,LJ,,Amelia Miller,7.86
13,12:15,PV1,PV,,Lucas Brown,3.76

14,12:30,LJ1,LJ,,Amelia Rodriguez,6.29
14,12:30,LJ2,LJ,,Ava Johansson,4.04
14,12:30,PV1,PV,,Mark Smith,5.28

15,12:45,LJ1,LJ,,Harper Brown,5.91
15,12:45,LJ2,LJ,,James Rodriguez,4.36
15,12:45,PV1,PV,,Anna Andersson,5.82

16,13:00,LJ1,LJ,,Noah Rodriguez,8.17
16,13:00,LJ2,LJ,,Noah Smith,7.35
16,13:00,PV1,PV,,Anna Brown,2.02

17,13:15,LJ1,TJ,,Amelia Brown,12.19
17,13:15,LJ2,TJ,,Amelia Miller,16.27
17,13:15,PV1,PV,,Benjamin Smith,2.79

18,13:30,LJ1,TJ,,Evelyn Davis,13.70
18,13:30,LJ2,TJ,,Harper Brown,13.78
18,13:30,PV1,PV,,Emma Martinez,4.59

19,13:45,LJ1,TJ,,Harper Rodriguez,16.28
19,13:45,LJ2,TJ,,James Rodriguez,10.66
19,13:45,PV1,PV,,Evelyn Smith,3.02

20,14:00,LJ1,TJ,,Lucas Karlsson,12.76
20,14:00,LJ2,TJ,,Maria Andersson,13.95
20,14:00,PV1,PV,,Maria Davis,3.97

21,14:15,LJ1,TJ,,Maria Garcia,14.25
21,14:15,LJ2,TJ,,Mia Rodriguez,13.33
21,14:15,PV1,PV,,Maria Jones,5.85

22,14:30,LJ1,TJ,,Noah Smith,11.49
22,14:30,LJ2,TJ,,William Johansson,14.66
22,14:30,PV1,PV,,Oliver Johansson,3.11

23,14:45,PV1,PV,,William Brown,3.92

24,15:00,PV1,PV,,William Garcia,5.39

25,15:15,PV1,PV,,Amelia Brown,2.40

26,15:30,PV1,PV,,Harper Brown,4.84

27,15:45,PV1,PV,,James Rodriguez,6.16

28,16:00,PV1,PV,,Mia Rodriguez,3.35

29,16:15,PV1,PV,,Noah Rodriguez,3.93

30,16:30,PV1,PV,,Noah Smith,2.24

SCHEDULE STATISTICS
Total bookings,257
Total Time Slots Needed,31
Schedule Duration (minutes),465
Schedule Start Time,09:00
Competition End Time,16:45

Station Utilization
HJ1,29
HJ2,1
LJ1,23
LJ2,23
PV1,31
Track,150

Average Utilization,138.17%
